﻿작업 이름,GitHub 풀 리퀘스트,담당자,마감일,상위 작업,상태,스프린트,요약,우선순위,작업 ID,태그,프로젝트,하위 작업
새 작업 추가,,민규 김,2024년 2월 16일,,시작 전,스프린트 1 (https://www.notion.so/1-68bb871e135d4aecabafa166b18a6f39?pvs=21),"이 문서에서는 작업 트래킹 시스템에 작업을 추가하는 방식에 대해 설명합니다. 작업 ID, 담당자, 상태, 기한, 우선순위, 태그를 작업별로 사용자 지정할 수 있습니다.",,TSK-1,,,
팀 멤버 초대,,민규 김,2024년 3월 8일,,시작 전,스프린트 3 (https://www.notion.so/3-dbebf3da7b1d44b98757570beb38a742?pvs=21),이 문서에서는 팀 멤버를 초대해 협동 작업을 하는 방법을 안내드려요. 공유 메뉴를 사용하여 팀 멤버를 초대하고 ‘담당자’ 필드를 사용하여 작업을 할당하세요. 해당 멤버는 사이드바에서 알림을 받게 됩니다.,,TSK-2,,,
프로젝트 제안서 작성,,민규 김,2024년 2월 12일,,완료,스프린트 1 (https://www.notion.so/1-68bb871e135d4aecabafa166b18a6f39?pvs=21),이 프로젝트 제안서에서는 3분기 모바일 성능에 대한 투자에 대한 상호 협업 조정을 논의하고자 합니다. 목표에는 사용자 스토리와 특정  설명의 추가가 포함되며 목표가 아닌 항목에는 리더십 승인과 사용자 리서치 결과 통합이 포함됩니다. 다음 단계에는 모바일 팀의 피드백을 수집하고 내부 커뮤니케이션을 통해 적절한 Slack 채널에서 인식을 높이는 작업이 포함됩니다.,,TSK-3,,,
킥오프 회의 일정 잡기,,민규 김,2024년 2월 11일,,진행 중,스프린트 1 (https://www.notion.so/1-68bb871e135d4aecabafa166b18a6f39?pvs=21),"이 작업은 현재 진행 중으로, 성능 개선 프로젝트의 킥오프 회의 일정을 잡고 사전에 회의 자료를 준비하며 모든 이해관계자를 회의에 초대하는 작업이 포함됩니다. 목표가 아닌 항목에는 추가 성능 개선을 위한 브레인스토밍이 포함됩니다. 마감일은 2023년 4월 26일이며 우선순위는 중간입니다. 작업에 ‘모바일’ 태그가 지정됩니다.",,TSK-4,,,
연구 결과 검토,,민규 김,2024년 2월 25일,,시작 전,스프린트 2 (https://www.notion.so/2-5d84cfe2181c4438af68e1f071c7bc9a?pvs=21),"이 문서에서는 연구의 목표와 목표가 아닌 분야를 나누어 설명합니다. 어떤 프로덕트 라인에 대해 더 많은 교육이 필요한지 이해하고, 이미 사용자 활용도가 높은 라인의 우선순위를 조정하는 작업이 포함됩니다. 다음 단계는 10개의 인터뷰를 보고 Slack에서 인사이트를 공유하는 것입니다.",,TSK-5,,,
데이터 대시보드 구축,,민규 김,2024년 2월 14일,,시작 전,스프린트 1 (https://www.notion.so/1-68bb871e135d4aecabafa166b18a6f39?pvs=21),"이 작업에서는 데이터 대시보드를 구축하여 대조군 대비 활성도와 유지율을 측정하고, 협업 파트너가 다른 사용자들에게 툴팁 효과에 대한 정보를 제공할 수 있는 기능을 추가하려고 합니다. 다음 단계로는 Jonny에게 Hex 액세스 권한을 요청하고, 피드백과 요청 수집을 위한 협업 회의 일정을 잡을 예정입니다. 사용자가 툴팁을 건너뛰는 빈도를 트래킹하는 것은 이번 작업의 목표가 아닙니다.",,TSK-6,,,
툴팁 프로젝트 범위 설정,,민규 김,2024년 2월 18일,,시작 전,,"이 문서에서는 툴팁 프로젝트의 범위를 설명합니다. 목표에는 기술 이슈 원인 알아내기와 개선 소요 시간 파악이 포함됩니다. 새로운 이벤트를 평가하고 피드백을 수집하는 것은 목표 범위가 아닙니다. 다음 단계로는 이전 프로젝트의 문서를 재검토하고, 기술 스펙 문서를 재작성하여 프로덕트 팀 전체에 공유할 예정입니다.",,TSK-7,,,
작업,,,,,시작 전,,,,TSK-8,,,